id,start,processor,median_bias_pct,median_height_forest_px_m,median_height_nonforest_px_m,excluded_by_bias_rule,excluded
BIO_FP_FH__L2A_20260818T222915_20260830T222943_T_G01_M04_C___T014_F168_02_DXMZCK,2026-08-18T22:29:15.039Z,{'Biomass L2a Processor': '4.4.5'},16.72,9.9,7.0,False,False
BIO_FP_FH__L2A_20260818T222856_20260830T222924_T_G01_M04_C___T014_F167_02_DXPLEX,2026-08-18T22:28:56.027Z,{'Biomass L2a Processor': '4.4.5'},13.19,5.8,8.3,False,False
BIO_FP_FH__L2A_20260818T222837_20260830T222905_T_G01_M04_C___T014_F166_02_DXMZLO,2026-08-18T22:28:37.018Z,{'Biomass L2a Processor': '4.4.5'},13.33,6.9,7.0,False,False
BIO_FP_FH__L2A_20260728T222841_20260809T222910_T_G01_M04_C___T014_F167_02_DY52DG,2026-07-28T22:28:41.670Z,{'Biomass L2a Processor': '4.4.5'},4.83,10.0,8.5,False,False
BIO_FP_FH__L2A_20260725T222858_20260806T222927_T_G01_M04_C___T014_F168_02_DY5028,2026-07-25T22:28:58.831Z,{'Biomass L2a Processor': '4.4.5'},0.18,20.0,7.6,True,False
BIO_FP_FH__L2A_20260725T222820_20260806T222849_T_G01_M04_C___T014_F166_02_DY52J8,2026-07-25T22:28:20.797Z,{'Biomass L2a Processor': '4.4.5'},0.14,30.1,29.9,True,True
BIO_FP_FH__L2A_20260707T222847_20260719T222915_T_G01_M04_C___T014_F168_02_DVHDW8,2026-07-07T22:28:47.397Z,{'Biomass L2a Processor': '4.4.5'},3.89,16.4,4.8,False,False
BIO_FP_FH__L2A_20260707T222828_20260719T222856_T_G01_M04_C___T014_F167_02_DVHFG6,2026-07-07T22:28:28.386Z,{'Biomass L2a Processor': '4.4.5'},9.64,6.0,5.3,False,False
BIO_FP_FH__L2A_20260707T222809_20260719T222837_T_G01_M04_C___T014_F166_02_DVHELK,2026-07-07T22:28:09.377Z,{'Biomass L2a Processor': '4.4.5'},9.87,8.7,4.9,False,False
BIO_FP_FH__L2A_20260607T222435_20260619T222503_T_G01_M03_C___T014_F168_02_DU0C77,2026-06-07T22:24:35.805Z,{'Biomass L2a Processor': '4.4.4'},6.67,9.6,6.8,False,False
BIO_FP_FH__L2A_20260607T222416_20260619T222444_T_G01_M03_C___T014_F167_02_DU06P7,2026-06-07T22:24:16.796Z,{'Biomass L2a Processor': '4.4.4'},16.8,6.1,5.6,False,False
BIO_FP_FH__L2A_20260607T222357_20260619T222425_T_G01_M03_C___T014_F166_02_DTZT2N,2026-06-07T22:23:57.788Z,{'Biomass L2a Processor': '4.4.4'},23.12,6.3,4.0,False,False
BIO_FP_FH__L2A_20260517T222423_20260529T222450_T_G01_M03_C___T014_F168_02_DTF9V9,2026-05-17T22:24:23.075Z,{'Biomass L2a Processor': '4.4.4'},1.32,17.2,15.8,False,False
BIO_FP_FH__L2A_20260517T222404_20260529T222431_T_G01_M03_C___T014_F167_02_DTF86Z,2026-05-17T22:24:04.065Z,{'Biomass L2a Processor': '4.4.4'},4.24,14.8,10.5,False,False
BIO_FP_FH__L2A_20260517T222345_20260529T222412_T_G01_M03_C___T014_F166_02_DTFADS,2026-05-17T22:23:45.054Z,{'Biomass L2a Processor': '4.4.4'},8.76,11.6,6.1,False,False
BIO_FP_FH__L2A_20260426T222409_20260508T222437_T_G01_M03_C___T014_F168_02_DSPLN6,2026-04-26T22:24:09.358Z,{'Biomass L2a Processor': '4.4.4'},3.14,13.6,8.8,False,False
BIO_FP_FH__L2A_20260426T222350_20260508T222418_T_G01_M03_C___T014_F167_02_DSPFPZ,2026-04-26T22:23:50.348Z,{'Biomass L2a Processor': '4.4.4'},5.26,9.6,6.9,False,False
BIO_FP_FH__L2A_20260426T222331_20260508T222359_T_G01_M03_C___T014_F166_02_DSPMTE,2026-04-26T22:23:31.339Z,{'Biomass L2a Processor': '4.4.4'},6.69,10.1,6.5,False,False
